letter,E08000020,E08000021,E08000022,E08000023,E08000024,E07000026,E07000027,E07000028,E07000029,E07000030,E07000031,E08000001,E08000002,E08000003,E08000004,E08000005,E08000006,E08000007,E08000008,E08000009,E08000010,E07000117,E07000118,E07000119,E07000120,E07000121,E07000122,E07000123,E07000124,E07000125,E07000126,E07000127,E07000128,E08000011,E08000012,E08000014,E08000013,E08000015,E07000163,E07000164,E07000165,E07000166,E07000167,E07000168,E07000169,E08000016,E08000017,E08000018,E08000019,E08000032,E08000033,E08000034,E08000035,E08000036,E07000032,E07000033,E07000034,E07000035,E07000036,E07000037,E07000038,E07000039,E07000129,E07000130,E07000131,E07000132,E07000133,E07000134,E07000135,E07000136,E07000137,E07000138,E07000139,E07000140,E07000141,E07000142,E07000150,E07000151,E07000152,E07000153,E07000154,E07000155,E07000156,E07000170,E07000171,E07000172,E07000173,E07000174,E07000175,E07000176,E07000192,E07000193,E07000194,E07000195,E07000196,E07000197,E07000198,E07000199,E07000218,E07000219,E07000220,E07000221,E07000222,E08000025,E08000026,E08000027,E08000028,E08000029,E08000030,E08000031,E07000234,E07000235,E07000236,E07000237,E07000238,E07000239,E07000008,E07000009,E07000010,E07000011,E07000012,E07000066,E07000067,E07000068,E07000069,E07000070,E07000071,E07000072,E07000073,E07000074,E07000075,E07000076,E07000077,E07000095,E07000096,E07000097,E07000098,E07000099,E07000100,E07000101,E07000102,E07000103,E07000104,E07000143,E07000144,E07000145,E07000146,E07000147,E07000148,E07000149,E07000200,E07000201,E07000202,E07000203,E07000204,E07000205,E07000206,E09000007,E09000001,E09000012,E09000013,E09000014,E09000019,E09000020,E09000022,E09000023,E09000025,E09000028,E09000030,E09000032,E09000033,E09000002,E09000003,E09000004,E09000005,E09000006,E09000008,E09000009,E09000010,E09000011,E09000015,E09000016,E09000017,E09000018,E09000021,E09000024,E09000026,E09000027,E09000029,E09000031,E07000004,E07000005,E07000006,E07000007,E07000061,E07000062,E07000063,E07000064,E07000065,E07000084,E07000085,E07000086,E07000087,E07000088,E07000089,E07000090,E07000091,E07000092,E07000093,E07000094,E07000105,E07000106,E07000107,E07000108,E07000109,E07000110,E07000111,E07000112,E07000113,E07000114,E07000115,E07000116,E07000177,E07000178,E07000179,E07000180,E07000181,E07000207,E07000208,E07000209,E07000210,E07000211,E07000212,E07000213,E07000214,E07000215,E07000216,E07000217,E07000223,E07000224,E07000225,E07000226,E07000227,E07000228,E07000229,E07000040,E07000041,E07000042,E07000043,E07000044,E07000045,E07000046,E07000047,E07000048,E07000049,E07000050,E07000051,E07000052,E07000053,E07000078,E07000079,E07000080,E07000081,E07000082,E07000083,E07000187,E07000188,E07000189,E07000190,E07000191,W06000001,W06000002,W06000003,W06000004,W06000005,W06000006,W06000023,W06000008,W06000009,W06000010,W06000011,W06000012,W06000013,W06000014,W06000015,W06000016,W06000024,W06000018,W06000019,W06000020,W06000021,W06000022
A,0.077,0.094,0.092,0.062,0.057,0.078,0.071,0.073,0.088,0.088,0.11,0.08,0.098,0.086,0.066,0.067,0.077,0.124,0.067,0.144,0.069,0.061,0.109,0.135,0.061,0.087,0.07,0.084,0.127,0.092,0.101,0.094,0.086,0.05,0.069,0.084,0.071,0.091,0.113,0.125,0.137,0.095,0.096,0.063,0.109,0.062,0.059,0.065,0.093,0.075,0.098,0.088,0.104,0.068,0.094,0.061,0.075,0.133,0.087,0.112,0.088,0.109,0.106,0.106,0.144,0.106,0.111,0.104,0.105,0.05,0.059,0.064,0.098,0.067,0.105,0.092,0.057,0.125,0.104,0.093,0.087,0.14,0.081,0.06,0.075,0.123,0.098,0.058,0.095,0.18,0.065,0.089,0.121,0.086,0.107,0.117,0.089,0.073,0.083,0.072,0.117,0.147,0.166,0.078,0.075,0.075,0.05,0.134,0.062,0.06,0.139,0.133,0.086,0.101,0.121,0.086,0.192,0.13,0.059,0.127,0.191,0.09,0.099,0.152,0.078,0.134,0.107,0.122,0.071,0.111,0.101,0.061,0.149,0.085,0.133,0.156,0.132,0.155,0.211,0.095,0.153,0.121,0.12,0.075,0.097,0.051,0.07,0.073,0.093,0.113,0.105,0.078,0.079,0.107,0.101,0.113,0.064,0.191,0.355,0.113,0.185,0.119,0.181,0.214,0.152,0.112,0.061,0.144,0.144,0.208,0.208,0.051,0.148,0.086,0.093,0.145,0.111,0.12,0.094,0.109,0.139,0.087,0.1,0.111,0.161,0.159,0.121,0.223,0.118,0.08,0.135,0.184,0.174,0.147,0.08,0.064,0.111,0.096,0.12,0.151,0.145,0.124,0.132,0.08,0.185,0.095,0.109,0.105,0.143,0.178,0.102,0.097,0.089,0.076,0.077,0.109,0.149,0.079,0.076,0.066,0.124,0.139,0.116,0.154,0.168,0.171,0.139,0.205,0.157,0.172,0.166,0.154,0.133,0.117,0.169,0.148,0.178,0.173,0.087,0.089,0.13,0.089,0.152,0.146,0.104,0.102,0.099,0.094,0.073,0.122,0.097,0.065,0.109,0.102,0.125,0.098,0.095,0.109,0.076,0.129,0.134,0.089,0.082,0.127,0.123,0.096,0.083,0.098,0.098,0.074,0.082,0.071,0.075,0.073,0.081,0.072,0.077,0.08,0.064,0.069,0.079,0.055,0.072,0.111,0.113,0.06,0.049,0.062,0.04,0.064,0.128,0.079
B,0.187,0.161,0.216,0.172,0.166,0.186,0.179,0.186,0.186,0.206,0.236,0.184,0.219,0.155,0.17,0.173,0.181,0.232,0.173,0.238,0.187,0.173,0.229,0.236,0.172,0.194,0.172,0.172,0.254,0.213,0.226,0.208,0.212,0.157,0.164,0.212,0.19,0.212,0.245,0.246,0.256,0.243,0.203,0.191,0.219,0.171,0.168,0.174,0.179,0.171,0.209,0.19,0.194,0.178,0.198,0.164,0.191,0.23,0.191,0.219,0.205,0.214,0.224,0.195,0.254,0.217,0.219,0.204,0.195,0.155,0.185,0.167,0.236,0.173,0.224,0.221,0.152,0.234,0.223,0.213,0.199,0.254,0.192,0.163,0.189,0.21,0.225,0.173,0.205,0.265,0.182,0.191,0.238,0.183,0.23,0.238,0.207,0.182,0.195,0.183,0.219,0.247,0.236,0.162,0.161,0.185,0.144,0.228,0.159,0.158,0.248,0.242,0.191,0.218,0.228,0.203,0.183,0.231,0.164,0.237,0.253,0.201,0.22,0.261,0.191,0.247,0.226,0.233,0.195,0.227,0.226,0.18,0.257,0.199,0.252,0.264,0.24,0.251,0.293,0.21,0.259,0.239,0.208,0.19,0.219,0.161,0.19,0.204,0.184,0.229,0.228,0.208,0.183,0.234,0.217,0.236,0.181,0.262,0.313,0.247,0.279,0.236,0.257,0.294,0.269,0.242,0.142,0.232,0.217,0.303,0.262,0.153,0.237,0.207,0.184,0.263,0.226,0.214,0.199,0.206,0.213,0.203,0.2,0.208,0.256,0.249,0.21,0.324,0.241,0.198,0.254,0.283,0.271,0.246,0.222,0.198,0.239,0.229,0.25,0.242,0.258,0.239,0.257,0.218,0.279,0.202,0.235,0.224,0.239,0.26,0.22,0.202,0.216,0.207,0.189,0.237,0.25,0.21,0.192,0.191,0.239,0.264,0.229,0.182,0.259,0.255,0.251,0.295,0.268,0.254,0.279,0.269,0.234,0.243,0.271,0.269,0.276,0.26,0.221,0.213,0.243,0.199,0.261,0.272,0.234,0.231,0.191,0.214,0.206,0.248,0.23,0.191,0.221,0.232,0.246,0.225,0.227,0.242,0.211,0.245,0.241,0.198,0.201,0.24,0.241,0.22,0.194,0.21,0.23,0.205,0.201,0.196,0.215,0.209,0.199,0.19,0.207,0.182,0.199,0.199,0.196,0.178,0.198,0.238,0.207,0.175,0.166,0.174,0.146,0.182,0.238,0.19
C,0.139,0.107,0.16,0.137,0.142,0.102,0.121,0.122,0.109,0.101,0.105,0.134,0.146,0.104,0.13,0.129,0.141,0.154,0.149,0.151,0.135,0.118,0.137,0.144,0.122,0.112,0.109,0.13,0.124,0.126,0.162,0.126,0.144,0.142,0.121,0.157,0.133,0.14,0.116,0.13,0.131,0.175,0.101,0.101,0.129,0.121,0.117,0.131,0.114,0.123,0.13,0.119,0.129,0.125,0.117,0.11,0.135,0.108,0.133,0.12,0.134,0.127,0.155,0.12,0.136,0.138,0.118,0.126,0.148,0.103,0.11,0.109,0.145,0.114,0.13,0.127,0.11,0.132,0.132,0.134,0.144,0.144,0.136,0.123,0.112,0.134,0.149,0.119,0.118,0.127,0.129,0.116,0.13,0.122,0.146,0.134,0.127,0.139,0.133,0.138,0.129,0.126,0.117,0.113,0.122,0.142,0.119,0.148,0.119,0.112,0.138,0.114,0.133,0.125,0.128,0.122,0.077,0.13,0.124,0.145,0.129,0.167,0.144,0.169,0.175,0.161,0.135,0.158,0.151,0.144,0.194,0.133,0.134,0.164,0.144,0.144,0.149,0.137,0.123,0.15,0.147,0.142,0.128,0.124,0.155,0.116,0.124,0.112,0.109,0.136,0.13,0.14,0.135,0.135,0.135,0.142,0.121,0.079,0.072,0.095,0.095,0.091,0.089,0.076,0.103,0.119,0.094,0.097,0.093,0.101,0.079,0.129,0.116,0.185,0.104,0.165,0.153,0.11,0.125,0.118,0.137,0.188,0.144,0.127,0.123,0.127,0.132,0.109,0.167,0.119,0.14,0.13,0.136,0.128,0.133,0.131,0.136,0.135,0.135,0.151,0.127,0.15,0.151,0.139,0.146,0.133,0.138,0.154,0.141,0.113,0.134,0.11,0.167,0.13,0.137,0.148,0.148,0.138,0.138,0.123,0.151,0.13,0.136,0.079,0.128,0.131,0.131,0.124,0.155,0.121,0.143,0.154,0.135,0.18,0.149,0.153,0.121,0.137,0.154,0.138,0.119,0.168,0.142,0.153,0.159,0.137,0.128,0.121,0.111,0.113,0.125,0.106,0.109,0.15,0.15,0.125,0.135,0.117,0.13,0.134,0.11,0.12,0.149,0.118,0.152,0.111,0.117,0.121,0.139,0.104,0.111,0.096,0.112,0.114,0.126,0.117,0.105,0.087,0.103,0.116,0.132,0.127,0.119,0.139,0.124,0.12,0.118,0.133,0.101,0.128,0.114,0.134
D,0.062,0.057,0.066,0.061,0.063,0.112,0.073,0.098,0.078,0.179,0.148,0.088,0.092,0.058,0.086,0.089,0.069,0.092,0.086,0.085,0.083,0.083,0.097,0.112,0.094,0.09,0.1,0.07,0.132,0.107,0.088,0.101,0.124,0.069,0.061,0.088,0.069,0.076,0.153,0.132,0.124,0.127,0.173,0.137,0.103,0.087,0.082,0.084,0.073,0.089,0.095,0.093,0.074,0.077,0.095,0.082,0.082,0.143,0.086,0.109,0.101,0.092,0.102,0.083,0.119,0.103,0.111,0.094,0.086,0.096,0.135,0.069,0.104,0.116,0.102,0.109,0.063,0.112,0.105,0.094,0.08,0.121,0.084,0.082,0.091,0.079,0.096,0.08,0.1,0.094,0.097,0.09,0.103,0.082,0.109,0.091,0.124,0.076,0.107,0.073,0.085,0.128,0.083,0.069,0.064,0.083,0.068,0.086,0.08,0.069,0.109,0.137,0.084,0.075,0.124,0.103,0.054,0.115,0.108,0.091,0.1,0.102,0.116,0.109,0.123,0.096,0.091,0.139,0.09,0.138,0.117,0.122,0.131,0.122,0.103,0.108,0.119,0.095,0.091,0.088,0.115,0.094,0.083,0.113,0.117,0.103,0.118,0.152,0.068,0.124,0.126,0.095,0.076,0.129,0.099,0.118,0.104,0.075,0.06,0.084,0.08,0.103,0.069,0.094,0.078,0.083,0.094,0.069,0.058,0.081,0.077,0.095,0.125,0.1,0.117,0.104,0.094,0.105,0.107,0.086,0.111,0.109,0.089,0.092,0.094,0.1,0.107,0.094,0.107,0.119,0.11,0.118,0.119,0.107,0.108,0.121,0.129,0.156,0.149,0.086,0.119,0.094,0.092,0.08,0.097,0.104,0.12,0.079,0.1,0.102,0.117,0.097,0.099,0.106,0.099,0.109,0.121,0.113,0.107,0.117,0.105,0.115,0.095,0.05,0.111,0.093,0.11,0.111,0.103,0.092,0.124,0.109,0.098,0.095,0.101,0.122,0.117,0.095,0.119,0.122,0.136,0.076,0.117,0.106,0.107,0.148,0.071,0.156,0.161,0.169,0.137,0.178,0.17,0.125,0.127,0.142,0.129,0.148,0.106,0.084,0.144,0.129,0.072,0.116,0.105,0.136,0.121,0.122,0.106,0.18,0.119,0.134,0.129,0.116,0.083,0.082,0.184,0.16,0.15,0.126,0.071,0.069,0.076,0.087,0.063,0.076,0.068,0.07,0.063,0.068,0.116,0.069
E,0.081,0.058,0.074,0.085,0.081,0.098,0.103,0.087,0.115,0.08,0.083,0.07,0.068,0.053,0.078,0.072,0.071,0.064,0.084,0.058,0.085,0.085,0.076,0.069,0.089,0.068,0.078,0.068,0.071,0.07,0.082,0.067,0.079,0.077,0.061,0.066,0.084,0.078,0.07,0.069,0.064,0.073,0.079,0.092,0.084,0.086,0.089,0.085,0.061,0.066,0.07,0.072,0.064,0.086,0.09,0.096,0.08,0.071,0.092,0.08,0.079,0.089,0.076,0.07,0.062,0.08,0.083,0.085,0.067,0.094,0.089,0.077,0.082,0.092,0.08,0.082,0.1,0.07,0.075,0.077,0.07,0.065,0.078,0.096,0.091,0.076,0.076,0.093,0.081,0.054,0.091,0.083,0.072,0.077,0.072,0.07,0.083,0.09,0.083,0.087,0.081,0.064,0.057,0.061,0.069,0.077,0.076,0.064,0.077,0.071,0.065,0.062,0.081,0.072,0.07,0.078,0.042,0.074,0.09,0.074,0.06,0.071,0.075,0.052,0.079,0.061,0.063,0.057,0.078,0.07,0.069,0.081,0.059,0.071,0.061,0.059,0.053,0.063,0.042,0.078,0.054,0.064,0.057,0.09,0.078,0.091,0.089,0.083,0.065,0.071,0.074,0.094,0.079,0.072,0.078,0.071,0.091,0.034,0.024,0.045,0.041,0.049,0.039,0.029,0.049,0.054,0.057,0.051,0.048,0.038,0.034,0.068,0.04,0.069,0.053,0.051,0.054,0.053,0.053,0.056,0.043,0.069,0.067,0.063,0.042,0.049,0.044,0.034,0.061,0.059,0.061,0.045,0.054,0.057,0.072,0.07,0.066,0.064,0.061,0.068,0.062,0.076,0.071,0.093,0.058,0.078,0.08,0.082,0.069,0.051,0.079,0.058,0.079,0.085,0.078,0.069,0.057,0.078,0.083,0.075,0.067,0.057,0.077,0.043,0.063,0.064,0.075,0.041,0.049,0.05,0.049,0.055,0.061,0.075,0.059,0.054,0.05,0.056,0.076,0.076,0.062,0.085,0.062,0.061,0.069,0.07,0.062,0.072,0.081,0.063,0.073,0.08,0.071,0.072,0.065,0.075,0.085,0.071,0.089,0.057,0.066,0.078,0.079,0.071,0.072,0.075,0.078,0.089,0.069,0.078,0.089,0.075,0.077,0.079,0.106,0.093,0.075,0.06,0.09,0.076,0.073,0.099,0.092,0.074,0.057,0.085,0.088,0.091,0.098,0.092,0.069,0.079
F,0.173,0.131,0.156,0.177,0.173,0.183,0.182,0.189,0.174,0.154,0.144,0.158,0.142,0.125,0.156,0.153,0.152,0.134,0.173,0.123,0.171,0.181,0.14,0.131,0.173,0.142,0.168,0.143,0.119,0.146,0.148,0.143,0.148,0.186,0.148,0.155,0.17,0.158,0.13,0.126,0.125,0.119,0.154,0.179,0.153,0.173,0.181,0.177,0.143,0.14,0.148,0.14,0.133,0.169,0.159,0.178,0.177,0.126,0.16,0.147,0.161,0.151,0.133,0.128,0.11,0.135,0.155,0.149,0.131,0.222,0.184,0.172,0.151,0.19,0.156,0.154,0.193,0.12,0.137,0.152,0.142,0.113,0.153,0.178,0.177,0.141,0.143,0.178,0.158,0.099,0.175,0.167,0.134,0.154,0.135,0.131,0.151,0.178,0.156,0.17,0.136,0.122,0.113,0.142,0.147,0.17,0.189,0.133,0.178,0.18,0.117,0.128,0.179,0.153,0.137,0.163,0.084,0.138,0.195,0.136,0.105,0.149,0.15,0.101,0.156,0.123,0.142,0.109,0.163,0.139,0.132,0.186,0.11,0.139,0.118,0.102,0.108,0.12,0.085,0.153,0.103,0.124,0.114,0.178,0.159,0.199,0.185,0.18,0.153,0.148,0.146,0.154,0.182,0.14,0.159,0.141,0.196,0.072,0.041,0.097,0.077,0.098,0.082,0.068,0.092,0.115,0.128,0.102,0.091,0.073,0.07,0.157,0.091,0.132,0.121,0.102,0.118,0.107,0.118,0.125,0.104,0.136,0.117,0.122,0.09,0.098,0.106,0.064,0.114,0.114,0.116,0.092,0.087,0.112,0.157,0.17,0.137,0.14,0.125,0.129,0.122,0.138,0.128,0.163,0.1,0.163,0.144,0.146,0.13,0.097,0.145,0.124,0.143,0.17,0.159,0.132,0.111,0.157,0.152,0.17,0.125,0.118,0.145,0.095,0.106,0.109,0.123,0.082,0.096,0.093,0.095,0.105,0.102,0.117,0.101,0.104,0.097,0.111,0.157,0.163,0.125,0.161,0.113,0.115,0.148,0.146,0.136,0.151,0.164,0.125,0.152,0.174,0.142,0.151,0.132,0.135,0.149,0.139,0.167,0.128,0.128,0.158,0.174,0.143,0.14,0.153,0.174,0.166,0.157,0.169,0.163,0.149,0.167,0.166,0.171,0.182,0.153,0.121,0.169,0.167,0.15,0.18,0.175,0.142,0.12,0.172,0.183,0.174,0.207,0.188,0.13,0.158
G,0.149,0.114,0.122,0.16,0.163,0.151,0.164,0.141,0.153,0.119,0.101,0.133,0.11,0.111,0.148,0.15,0.132,0.091,0.141,0.082,0.158,0.155,0.118,0.082,0.147,0.108,0.152,0.123,0.086,0.131,0.103,0.12,0.105,0.149,0.124,0.107,0.155,0.115,0.093,0.097,0.081,0.098,0.113,0.127,0.118,0.18,0.174,0.153,0.11,0.129,0.125,0.134,0.108,0.186,0.154,0.196,0.147,0.11,0.148,0.11,0.138,0.125,0.113,0.108,0.091,0.135,0.119,0.144,0.108,0.181,0.141,0.129,0.103,0.163,0.114,0.114,0.224,0.117,0.134,0.144,0.138,0.088,0.168,0.191,0.156,0.116,0.111,0.185,0.141,0.068,0.153,0.15,0.108,0.143,0.102,0.102,0.133,0.158,0.151,0.165,0.135,0.084,0.076,0.114,0.132,0.139,0.171,0.091,0.154,0.154,0.086,0.084,0.135,0.113,0.104,0.144,0.065,0.102,0.158,0.101,0.073,0.115,0.107,0.062,0.109,0.08,0.086,0.078,0.136,0.093,0.082,0.128,0.074,0.108,0.088,0.075,0.071,0.085,0.054,0.11,0.068,0.089,0.082,0.142,0.098,0.161,0.131,0.116,0.126,0.098,0.106,0.149,0.142,0.108,0.123,0.099,0.144,0.048,0.025,0.079,0.061,0.083,0.065,0.048,0.079,0.076,0.095,0.08,0.065,0.053,0.051,0.121,0.059,0.087,0.096,0.059,0.072,0.086,0.088,0.088,0.062,0.09,0.088,0.091,0.052,0.067,0.062,0.04,0.072,0.09,0.086,0.055,0.061,0.075,0.098,0.11,0.087,0.08,0.074,0.091,0.076,0.091,0.081,0.127,0.057,0.12,0.094,0.101,0.093,0.064,0.103,0.081,0.103,0.113,0.131,0.102,0.075,0.108,0.139,0.12,0.094,0.078,0.113,0.077,0.085,0.09,0.097,0.048,0.057,0.06,0.057,0.063,0.07,0.084,0.06,0.057,0.058,0.064,0.096,0.106,0.08,0.111,0.068,0.063,0.083,0.091,0.1,0.112,0.121,0.079,0.103,0.12,0.093,0.087,0.081,0.117,0.105,0.093,0.123,0.082,0.087,0.121,0.121,0.099,0.088,0.112,0.136,0.116,0.102,0.114,0.116,0.11,0.112,0.121,0.131,0.14,0.109,0.081,0.121,0.13,0.115,0.169,0.15,0.092,0.087,0.16,0.18,0.165,0.196,0.157,0.106,0.133
H,0.06,0.074,0.052,0.075,0.071,0.041,0.053,0.038,0.05,0.02,0.018,0.072,0.056,0.101,0.088,0.089,0.073,0.043,0.061,0.047,0.052,0.077,0.038,0.032,0.071,0.04,0.083,0.067,0.023,0.049,0.028,0.041,0.033,0.093,0.096,0.057,0.064,0.062,0.022,0.025,0.024,0.027,0.026,0.043,0.029,0.063,0.071,0.07,0.067,0.111,0.06,0.075,0.06,0.057,0.039,0.056,0.054,0.026,0.043,0.036,0.039,0.032,0.027,0.034,0.022,0.03,0.026,0.034,0.037,0.048,0.047,0.057,0.028,0.038,0.032,0.042,0.042,0.029,0.029,0.038,0.051,0.019,0.049,0.053,0.051,0.038,0.039,0.056,0.041,0.026,0.048,0.05,0.035,0.039,0.036,0.034,0.03,0.044,0.036,0.05,0.035,0.023,0.029,0.124,0.074,0.064,0.103,0.046,0.096,0.1,0.032,0.031,0.044,0.044,0.03,0.046,0.031,0.027,0.049,0.031,0.023,0.049,0.036,0.03,0.037,0.031,0.038,0.038,0.051,0.03,0.027,0.056,0.023,0.043,0.036,0.025,0.04,0.031,0.03,0.045,0.032,0.049,0.033,0.036,0.025,0.059,0.041,0.036,0.054,0.027,0.029,0.034,0.057,0.024,0.031,0.027,0.044,0.076,0.034,0.119,0.07,0.104,0.086,0.073,0.077,0.082,0.143,0.081,0.135,0.054,0.095,0.113,0.072,0.049,0.105,0.043,0.074,0.095,0.104,0.09,0.081,0.047,0.068,0.079,0.045,0.059,0.1,0.033,0.046,0.103,0.033,0.029,0.029,0.043,0.043,0.068,0.033,0.042,0.027,0.028,0.026,0.029,0.024,0.039,0.02,0.043,0.028,0.041,0.025,0.023,0.038,0.037,0.042,0.05,0.06,0.035,0.027,0.054,0.057,0.066,0.03,0.029,0.03,0.043,0.023,0.023,0.021,0.029,0.031,0.026,0.026,0.033,0.029,0.033,0.028,0.029,0.024,0.04,0.033,0.037,0.028,0.049,0.025,0.022,0.037,0.024,0.031,0.03,0.03,0.025,0.03,0.036,0.031,0.026,0.022,0.026,0.025,0.025,0.044,0.034,0.023,0.04,0.05,0.027,0.026,0.03,0.038,0.027,0.031,0.03,0.052,0.042,0.046,0.05,0.038,0.048,0.033,0.031,0.047,0.049,0.052,0.06,0.057,0.046,0.065,0.065,0.076,0.065,0.087,0.056,0.036,0.071
I,0.071,0.202,0.062,0.07,0.084,0.05,0.053,0.067,0.047,0.054,0.054,0.08,0.07,0.208,0.078,0.077,0.103,0.068,0.066,0.073,0.06,0.067,0.056,0.059,0.072,0.159,0.068,0.143,0.065,0.066,0.061,0.099,0.069,0.077,0.156,0.073,0.065,0.068,0.057,0.051,0.058,0.042,0.055,0.068,0.055,0.058,0.059,0.061,0.16,0.095,0.066,0.09,0.133,0.055,0.055,0.056,0.058,0.053,0.059,0.068,0.055,0.061,0.064,0.156,0.062,0.056,0.059,0.061,0.124,0.051,0.05,0.156,0.055,0.047,0.057,0.058,0.06,0.06,0.062,0.056,0.09,0.055,0.058,0.054,0.058,0.083,0.061,0.057,0.061,0.087,0.06,0.063,0.06,0.114,0.063,0.083,0.057,0.06,0.055,0.062,0.063,0.058,0.123,0.137,0.155,0.066,0.08,0.07,0.075,0.094,0.066,0.069,0.066,0.099,0.057,0.054,0.272,0.052,0.052,0.057,0.066,0.057,0.053,0.065,0.052,0.068,0.112,0.066,0.065,0.05,0.054,0.053,0.064,0.069,0.064,0.066,0.087,0.062,0.072,0.071,0.07,0.078,0.175,0.051,0.053,0.059,0.052,0.044,0.148,0.055,0.055,0.048,0.068,0.053,0.056,0.055,0.055,0.163,0.078,0.12,0.112,0.117,0.132,0.105,0.102,0.117,0.187,0.144,0.149,0.089,0.125,0.113,0.112,0.085,0.127,0.07,0.098,0.11,0.111,0.122,0.11,0.071,0.129,0.107,0.137,0.092,0.118,0.078,0.074,0.118,0.066,0.064,0.067,0.085,0.088,0.067,0.061,0.058,0.059,0.054,0.064,0.06,0.064,0.061,0.057,0.061,0.052,0.068,0.058,0.113,0.062,0.193,0.061,0.062,0.068,0.06,0.061,0.064,0.058,0.07,0.065,0.07,0.059,0.277,0.056,0.064,0.053,0.066,0.085,0.132,0.061,0.059,0.138,0.056,0.062,0.064,0.078,0.064,0.057,0.057,0.077,0.062,0.06,0.061,0.06,0.051,0.182,0.052,0.054,0.055,0.054,0.048,0.054,0.055,0.053,0.057,0.05,0.055,0.054,0.108,0.066,0.068,0.073,0.059,0.052,0.066,0.059,0.052,0.068,0.046,0.067,0.128,0.067,0.072,0.064,0.075,0.056,0.197,0.058,0.068,0.131,0.063,0.062,0.069,0.165,0.087,0.071,0.065,0.063,0.065,0.064,0.087
